{
  "model": "logistic",
  "accuracy": 0.9728164248437231,
  "precision": 1.0,
  "recall": 0.9012705686315351,
  "f1": 0.9480718667835232,
  "false_negative_rate": 0.0987294313684649,
  "cost_sensitive_score": -2370.0
}