{
  "model": "xgboost",
  "accuracy": 0.9983377278459246,
  "precision": 0.9991633549466639,
  "recall": 0.9947938359017077,
  "f1": 0.9969738077846186,
  "roc_auc": 0.9998334389828344,
  "false_negative_rate": 0.005206164098292378,
  "cost_sensitive_score": -129.0
}