{
  "model": "logistic",
  "accuracy": 0.97310008603384,
  "precision": 0.9997692662667282,
  "recall": 0.9025203082691106,
  "f1": 0.9486590038314177,
  "false_negative_rate": 0.0974796917308894,
  "cost_sensitive_score": -2341.0
}