{
  "model": "catboost",
  "accuracy": 0.9983364882693742,
  "precision": 0.998744769874477,
  "recall": 0.9952053366687513,
  "f1": 0.9969719118721938,
  "false_negative_rate": 0.004794663331248697,
  "cost_sensitive_score": -121.0
}