{
  "model": "catboost",
  "accuracy": 0.9979927739863509,
  "precision": 0.9979105725031342,
  "recall": 0.994792751510102,
  "f1": 0.9963492229060186,
  "false_negative_rate": 0.005207248489897938,
  "cost_sensitive_score": -135.0
}