{
  "model": "xgboost",
  "accuracy": 0.9977633767276481,
  "precision": 0.9989522212908634,
  "recall": 0.9929181420537389,
  "f1": 0.9959260419931056,
  "roc_auc": 0.9999664883311808,
  "false_negative_rate": 0.007081857946261196,
  "cost_sensitive_score": -175.0
}