{
  "standard_metrics": {
    "accuracy": 0.973217870046453,
    "precision": 0.9997693726937269,
    "recall": 0.9029368881483024,
    "f1": 0.9488891321002517,
    "roc_auc": 0.9985567234693573
  },
  "business_metrics": {
    "false_negative_rate": 0.09706311185169757,
    "cost_sensitive_score": -2331.0
  },
  "classification_report": {
    "0": {
      "precision": 0.9644301961682314,
      "recall": 0.9999208610319722,
      "f1-score": 0.9818549170454987,
      "support": 12636.0
    },
    "1": {
      "precision": 0.9997693726937269,
      "recall": 0.9029368881483024,
      "f1-score": 0.9488891321002517,
      "support": 4801.0
    },
    "accuracy": 0.973217870046453,
    "macro avg": {
      "precision": 0.9820997844309791,
      "recall": 0.9514288745901374,
      "f1-score": 0.9653720245728752,
      "support": 17437.0
    },
    "weighted avg": {
      "precision": 0.9741602751095001,
      "recall": 0.973217870046453,
      "f1-score": 0.9727783136434152,
      "support": 17437.0
    }
  },
  "error_analysis": {
    "confusion_breakdown": {
      "tn": 12635,
      "fp": 1,
      "fn": 466,
      "tp": 4335
    },
    "segment_error_analysis": {
      "lead_time": {
        "short": 0.04408759124087591,
        "medium": 0.019664162615996465,
        "long": 0.014614343707713126,
        "very_long": 0.009298393913778529
      },
      "adr": {
        "(-0.001, 72.0]": 0.03589391860996799,
        "(72.0, 98.0]": 0.025278979731268504,
        "(98.0, 134.0]": 0.01908045977011494,
        "(134.0, 510.0]": 0.026839426191577972
      }
    }
  }
}