{
  "standard_metrics": {
    "accuracy": 0.9979927739863509,
    "precision": 0.9979105725031342,
    "recall": 0.994792751510102,
    "f1": 0.9963492229060186,
    "roc_auc": 0.999950597898942
  },
  "business_metrics": {
    "false_negative_rate": 0.005207248489897938,
    "cost_sensitive_score": -135.0
  },
  "classification_report": {
    "0": {
      "precision": 0.9980238716307012,
      "recall": 0.9992086103197214,
      "f1-score": 0.9986158895875351,
      "support": 12636.0
    },
    "1": {
      "precision": 0.9979105725031342,
      "recall": 0.994792751510102,
      "f1-score": 0.9963492229060186,
      "support": 4801.0
    },
    "accuracy": 0.9979927739863509,
    "macro avg": {
      "precision": 0.9979672220669177,
      "recall": 0.9970006809149117,
      "f1-score": 0.9974825562467768,
      "support": 17437.0
    },
    "weighted avg": {
      "precision": 0.997992676521941,
      "recall": 0.9979927739863509,
      "f1-score": 0.997991799047995,
      "support": 17437.0
    }
  },
  "error_analysis": {
    "confusion_breakdown": {
      "tn": 12626,
      "fp": 10,
      "fn": 25,
      "tp": 4776
    },
    "segment_error_analysis": {
      "lead_time": {
        "short": 0.0020437956204379564,
        "medium": 0.0013256738842244808,
        "long": 0.0010825439783491205,
        "very_long": 0.004649196956889264
      },
      "adr": {
        "(-0.001, 72.0]": 0.0038866026520347507,
        "(72.0, 98.0]": 0.0004554771122751082,
        "(98.0, 134.0]": 0.0020689655172413794,
        "(134.0, 510.0]": 0.0016196205460434984
      }
    }
  }
}