{
  "standard_metrics": {
    "accuracy": 0.9983377278459246,
    "precision": 0.9991633549466639,
    "recall": 0.9947938359017077,
    "f1": 0.9969738077846186,
    "roc_auc": 0.9998334389828344
  },
  "business_metrics": {
    "false_negative_rate": 0.005206164098292378,
    "cost_sensitive_score": -129.0
  },
  "classification_report": {
    "0": {
      "precision": 0.9980260560600079,
      "recall": 0.999683644416324,
      "f1-score": 0.9988541625508712,
      "support": 12644.0
    },
    "1": {
      "precision": 0.9991633549466639,
      "recall": 0.9947938359017077,
      "f1-score": 0.9969738077846186,
      "support": 4802.0
    },
    "accuracy": 0.9983377278459246,
    "macro avg": {
      "precision": 0.998594705503336,
      "recall": 0.9972387401590158,
      "f1-score": 0.997913985167745,
      "support": 17446.0
    },
    "weighted avg": {
      "precision": 0.9983390968288788,
      "recall": 0.9983377278459246,
      "f1-score": 0.9983365961409466,
      "support": 17446.0
    }
  },
  "error_analysis": {
    "confusion_breakdown": {
      "tn": 12640,
      "fp": 4,
      "fn": 25,
      "tp": 4777
    },
    "segment_error_analysis": {
      "lead_time": {
        "short": 0.0023091355173906767,
        "medium": 0.0017532325224632918,
        "long": 0.000550357732526142,
        "very_long": 0.001293103448275862
      },
      "adr": {
        "(-0.001, 71.535]": 0.0041265474552957355,
        "(71.535, 97.795]": 0.000687915615684476,
        "(97.795, 133.74]": 0.0009170105456212746,
        "(133.74, 451.5]": 0.0009172208209126347
      }
    }
  }
}