{
  "standard_metrics": {
    "accuracy": 0.9731031714171016,
    "precision": 0.9997692662667282,
    "recall": 0.9025203082691106,
    "f1": 0.9486590038314177,
    "roc_auc": 0.9985573498556906
  },
  "business_metrics": {
    "false_negative_rate": 0.0974796917308894,
    "cost_sensitive_score": -2341.0
  },
  "classification_report": {
    "0": {
      "precision": 0.9642829886285583,
      "recall": 0.9999208610319722,
      "f1-score": 0.9817786238781615,
      "support": 12636.0
    },
    "1": {
      "precision": 0.9997692662667282,
      "recall": 0.9025203082691106,
      "f1-score": 0.9486590038314177,
      "support": 4801.0
    },
    "accuracy": 0.9731031714171016,
    "macro avg": {
      "precision": 0.9820261274476433,
      "recall": 0.9512205846505414,
      "f1-score": 0.9652188138547896,
      "support": 17437.0
    },
    "weighted avg": {
      "precision": 0.9740535695163748,
      "recall": 0.9731031714171016,
      "f1-score": 0.9726596644330496,
      "support": 17437.0
    }
  },
  "error_analysis": {
    "confusion_breakdown": {
      "tn": 12635,
      "fp": 1,
      "fn": 468,
      "tp": 4333
    },
    "segment_error_analysis": {
      "lead_time": {
        "short": 0.04408759124087591,
        "medium": 0.019885108263367212,
        "long": 0.014884979702300407,
        "very_long": 0.009298393913778529
      },
      "adr": {
        "(-0.001, 72.0]": 0.03589391860996799,
        "(72.0, 98.0]": 0.02550671828740606,
        "(98.0, 134.0]": 0.01885057471264368,
        "(134.0, 510.0]": 0.027302174919018974
      }
    }
  }
}