{
  "standard_metrics": {
    "accuracy": 0.9983364882693742,
    "precision": 0.998744769874477,
    "recall": 0.9952053366687513,
    "f1": 0.9969719118721938,
    "roc_auc": 0.9999505896999701
  },
  "business_metrics": {
    "false_negative_rate": 0.004794663331248697,
    "cost_sensitive_score": -121.0
  },
  "classification_report": {
    "0": {
      "precision": 0.998182249268948,
      "recall": 0.9995251661918328,
      "f1-score": 0.9988532563565187,
      "support": 12636.0
    },
    "1": {
      "precision": 0.998744769874477,
      "recall": 0.9952053366687513,
      "f1-score": 0.9969719118721938,
      "support": 4797.0
    },
    "accuracy": 0.9983364882693742,
    "macro avg": {
      "precision": 0.9984635095717125,
      "recall": 0.9973652514302921,
      "f1-score": 0.9979125841143562,
      "support": 17433.0
    },
    "weighted avg": {
      "precision": 0.9983370368181204,
      "recall": 0.9983364882693742,
      "f1-score": 0.998335570961503,
      "support": 17433.0
    }
  },
  "error_analysis": {
    "confusion_breakdown": {
      "tn": 12630,
      "fp": 6,
      "fn": 23,
      "tp": 4774
    },
    "segment_error_analysis": {
      "lead_time": {
        "short": 0.002185951617604197,
        "medium": 0.0011071744906997344,
        "long": 0.0008051529790660225,
        "very_long": 0.0025762129669386004
      },
      "adr": {
        "(-0.001, 72.25]": 0.004801097393689987,
        "(72.25, 98.33]": 0.00046040515653775324,
        "(98.33, 134.0]": 0.00045777065690089265,
        "(134.0, 261.621]": 0.0009203865623561896
      }
    }
  }
}