model,accuracy,precision,recall,f1,false_negative_rate,cost_sensitive_score
xgboost,0.9978775884816153,0.9991610738255033,0.9931207004377736,0.996131730266597,0.0068792995622263915,-169.0
