model,accuracy,precision,recall,f1,roc_auc,false_negative_rate,cost_sensitive_score
logistic,0.9716694385502094,0.9995360705172813,0.8975213497188086,0.9457857769973661,0.9991419331429514,0.10247865028119142,-2462.0
