model,accuracy,precision,recall,f1,roc_auc,false_negative_rate,cost_sensitive_score
logistic,0.9743207612060071,0.9995410738871042,0.907122032486464,0.9510917030567686,0.9921996970575768,0.09287796751353602,-2232.0
