model,accuracy,precision,recall,f1,false_negative_rate,cost_sensitive_score
adaboost,0.8388114495497045,0.8366655371060657,0.5146966854283928,0.6373257614868353,0.48530331457160725,-12122.0
logistic,0.9729822749956978,0.9993074792243767,0.9024390243902439,0.9484061781137035,0.0975609756097561,-2343.0
xgboost,0.9978775884816153,0.9991610738255033,0.9931207004377736,0.996131730266597,0.0068792995622263915,-169.0
catboost,0.9983364882693742,0.998744769874477,0.9952053366687513,0.9969719118721938,0.004794663331248697,-121.0
histboost,0.9977055010612058,0.9987418746068358,0.9929122368146759,0.9958185239389504,0.007087763185324161,-176.0
