model,accuracy,precision,recall,f1,roc_auc,false_negative_rate,cost_sensitive_score
xgboost,0.9977633767276481,0.9989522212908634,0.9929181420537389,0.9959260419931056,0.9999664883311808,0.007081857946261196,-175.0
