model,accuracy,precision,recall,f1,false_negative_rate,cost_sensitive_score
logistic,0.97310008603384,0.9997692662667282,0.9025203082691106,0.9486590038314177,0.0974796917308894,-2341.0
