model,accuracy,precision,recall,f1,false_negative_rate,cost_sensitive_score
logistic,0.973217870046453,0.9997693726937269,0.9029368881483024,0.9488891321002517,0.09706311185169757,-2331.0
