model,accuracy,precision,recall,f1,false_negative_rate,cost_sensitive_score
logistic,0.9728164248437231,1.0,0.9012705686315351,0.9480718667835232,0.0987294313684649,-2370.0
